"type","value","source"
"hash_sha256","dc9333e5843cd5e7124cc1cb0c9f8b014b97ab71db61b1c984a3d3aad76421ae","public"
"hash_sha256","51cc9f65182b27a8a5e0979f1f273391923db173c31a0009f0462df6c1a08393","public"
"hash_sha256","7055d5e1ae1d71c857c615d80015c1b0820ba8bd170f4deae5607682623664c0","public"
"hash_sha256","c72dce54445b16d09481799d55ab02ccd1e4cf96dc5ef38a84d0f4e17045ef01","public"
"hash_sha256","4cc1b7c878006e708f913660358598c71907455a270ac5e9fd21bb2922e3dc51","public"
"hash_sha256","b58318d54fc569ad83b41a6b417dc04288688122058eecfb617bf003cffcba55","public"
"hash_sha256","2be4a27b83830ea07c6671c3557673d509544e5f70fc6b2dc8cc4388b302c1f2","public"
"hash_sha256","269e405a9f8c32e818d03582a9697a4d31213853ce1c5f920be629ce8d59ece8","public"
"hash_sha256","8d275864867378e7c7c9381900d1d895a6f6268d6f12160297ff99a73becc28a","public"
"hash_sha256","9d4dbf0dedad2f6f5a0b6cc00c4ea43633fc3deeade34788caa9d060fbf61449","public"
"hash_sha256","a6e7e34de6332010f097d5c757cd74ebdde858ed25975a3d1ea499e81666f7cc","public"